DATASET	N_SENTS	MAX_SENT_TOKS	SUBTOKS_PER_TOK	UNKS_PER_SUBTOK	LABEL_DISTRIBUTION
test.lsdc.dbmdz-uncased.orig.60.upos	83	60	1.3023164507263447	0.0	[('PUNCT', 0.1446280991735537), ('NOUN', 0.12764003673094582), ('PRON', 0.11891643709825528), ('VERB', 0.11753902662993572), ('DET', 0.10101010101010101), ('ADV', 0.09044995408631772), ('ADP', 0.07162534435261708), ('ADJ', 0.06060606060606061), ('AUX', 0.04315886134067952), ('CCONJ', 0.04315886134067952), ('SCONJ', 0.025711662075298437), ('PROPN', 0.02066115702479339), ('PART', 0.017447199265381085), ('X', 0.008264462809917356), ('NUM', 0.006887052341597796), ('INTJ', 0.002295684113865932)]
test.uzh.gbert-large.orig.60.upos	100	60	1.7763157894736843	0.0015594541910331384	[('NOUN', 0.12880886426592797), ('PUNCT', 0.12326869806094183), ('AUX', 0.10526315789473684), ('ADV', 0.0997229916897507), ('ADP', 0.09556786703601108), ('DET', 0.09349030470914127), ('VERB', 0.0886426592797784), ('PRON', 0.0817174515235457), ('ADJ', 0.05886426592797784), ('PROPN', 0.039473684210526314), ('CCONJ', 0.03254847645429363), ('PART', 0.023545706371191136), ('SCONJ', 0.018005540166204988), ('NUM', 0.009002770083102494), ('X', 0.002077562326869806)]
test.lsdc.bert-base-cased.orig.60.upos	83	60	1.4852767962308597	0.0	[('PUNCT', 0.14384656366542356), ('NOUN', 0.1289291422482685), ('PRON', 0.11933937133724028), ('VERB', 0.11667554608417688), ('DET', 0.10122535961640916), ('ADV', 0.09057005860415557), ('ADP', 0.0713905167820991), ('ADJ', 0.060735215769845495), ('AUX', 0.042621204049014386), ('CCONJ', 0.04208843899840171), ('SCONJ', 0.02557272242940863), ('PROPN', 0.022376132125732553), ('PART', 0.017048481619605753), ('X', 0.008524240809802876), ('NUM', 0.006393180607352157), ('INTJ', 0.002663825253063399)]
dev.alpino.bertje.orig.60.upos	718	60	1.2135249805177937	0.0	[('NOUN', 0.1578490139866215), ('ADP', 0.13248197376422552), ('PUNCT', 0.1189297193988359), ('DET', 0.11389106072452437), ('VERB', 0.10007818608287725), ('PROPN', 0.09686386934236817), ('ADJ', 0.06645817044566067), ('PRON', 0.05551211884284597), ('ADV', 0.054556511163235163), ('AUX', 0.03561810442185735), ('NUM', 0.024672052819042656), ('CCONJ', 0.021457736078533577), ('SCONJ', 0.014073494917904612), ('SYM', 0.0060811397793414995), ('INTJ', 0.0007818608287724785), ('X', 0.0006949874033533142)]
train.hdt.dbmdz-uncased.orig.60.upos	153035	60	1.3532528137034134	6.890456005626413e-05	[('NOUN', 0.21148986856576063), ('DET', 0.13417685828075987), ('PUNCT', 0.11353205152642243), ('ADP', 0.11194028240415399), ('ADJ', 0.07767265084583863), ('VERB', 0.0759697527902713), ('ADV', 0.05642832327658445), ('PROPN', 0.05629130022290522), ('AUX', 0.044451932960122335), ('PRON', 0.03656465582038687), ('CCONJ', 0.027712463055923387), ('NUM', 0.020580431093947464), ('X', 0.014382385668467506), ('PART', 0.01020911660050479), ('SCONJ', 0.00857526953261832), ('INTJ', 2.26573553327862e-05)]
train.hdt.gbert-large.orig.60.upos	153035	60	1.3335266118841658	7.260290524142073e-05	[('NOUN', 0.21148645976755306), ('DET', 0.13417070794583189), ('PUNCT', 0.11356180191321166), ('ADP', 0.11194517041675804), ('ADJ', 0.0776799163104709), ('VERB', 0.07599570048639147), ('ADV', 0.05641817443227368), ('PROPN', 0.05626251478407167), ('AUX', 0.04446293826459264), ('PRON', 0.036560964298938424), ('CCONJ', 0.027714607202044786), ('NUM', 0.02057295692218096), ('X', 0.014355558271710566), ('PART', 0.010215658713525134), ('SCONJ', 0.008574222330868422), ('INTJ', 2.2647939576735173e-05)]
dev.alpino.mbert-cased.orig.60.upos	718	60	1.435795306952983	0.0	[('NOUN', 0.15763332171488323), ('ADP', 0.13262460787730918), ('PUNCT', 0.118943882886023), ('DET', 0.11380271871732311), ('VERB', 0.09968630184733357), ('PROPN', 0.09715928895085396), ('ADJ', 0.06648658069013594), ('PRON', 0.05568142209829209), ('ADV', 0.054635761589403975), ('AUX', 0.03555245730219589), ('NUM', 0.024834437086092714), ('CCONJ', 0.02126176368072499), ('SCONJ', 0.014029278494248867), ('SYM', 0.00618682467758801), ('INTJ', 0.0007842453816660857), ('X', 0.0006971070059254096)]
dev.hdt.mbert-cased.orig.60.upos	18434	60	1.5431063143377826	0.0	[('NOUN', 0.21086270950112762), ('DET', 0.13220913148856928), ('PUNCT', 0.11629749550038523), ('ADP', 0.11132842352838422), ('ADJ', 0.07802659529669384), ('VERB', 0.076579232211315), ('PROPN', 0.05400161580620307), ('ADV', 0.05334032060340068), ('AUX', 0.0435456652411388), ('PRON', 0.03603434991874179), ('CCONJ', 0.02741255774635586), ('X', 0.02156695769894224), ('NUM', 0.0200696855416538), ('PART', 0.010218882473493604), ('SCONJ', 0.008478303590645792), ('INTJ', 2.8073852949158254e-05)]
train.alpino.xlm-roberta.orig.60.upos	12289	60	1.4226490101802358	0.0	[('NOUN', 0.1677239570527006), ('ADP', 0.1257164713274868), ('DET', 0.12194628855558287), ('PUNCT', 0.10613884107860011), ('VERB', 0.10516624320410896), ('PROPN', 0.07047509766958993), ('ADJ', 0.0669180121847936), ('PRON', 0.06532797858099063), ('ADV', 0.062087807010354344), ('AUX', 0.04799606589623801), ('CCONJ', 0.020763325410485478), ('NUM', 0.01694943037455946), ('SCONJ', 0.01645220337130836), ('SYM', 0.004770100811408901), ('X', 0.0010928066005518673), ('INTJ', 0.00047537087124006227)]
dev.alpino.xlm-roberta.orig.60.upos	718	60	1.4833318902069443	0.0	[('NOUN', 0.15783048482734566), ('ADP', 0.1324555284269271), ('PUNCT', 0.1187652598535054), ('DET', 0.11379490756888734), ('VERB', 0.09993024066968957), ('PROPN', 0.09722706662016045), ('ADJ', 0.06653296128357168), ('PRON', 0.05572026508545518), ('ADV', 0.054673875130798744), ('AUX', 0.03566445762120684), ('NUM', 0.0247645622602023), ('CCONJ', 0.02127659574468085), ('SCONJ', 0.014126264387861876), ('SYM', 0.005755144750610394), ('INTJ', 0.0007847924659923265), ('X', 0.0006975933031042902)]
train.hdt.dbmdz-cased.orig.60.upos	153035	60	1.3335266118841658	7.260290524142073e-05	[('NOUN', 0.21148645976755306), ('DET', 0.13417070794583189), ('PUNCT', 0.11356180191321166), ('ADP', 0.11194517041675804), ('ADJ', 0.0776799163104709), ('VERB', 0.07599570048639147), ('ADV', 0.05641817443227368), ('PROPN', 0.05626251478407167), ('AUX', 0.04446293826459264), ('PRON', 0.036560964298938424), ('CCONJ', 0.027714607202044786), ('NUM', 0.02057295692218096), ('X', 0.014355558271710566), ('PART', 0.010215658713525134), ('SCONJ', 0.008574222330868422), ('INTJ', 2.2647939576735173e-05)]
test.lsdc.mbert-cased.orig.60.upos	83	60	1.320769532783667	0.00535077288941736	[('PUNCT', 0.14626168224299066), ('NOUN', 0.12663551401869158), ('PRON', 0.11962616822429907), ('VERB', 0.11775700934579439), ('DET', 0.10046728971962617), ('ADV', 0.09065420560747664), ('ADP', 0.07102803738317758), ('ADJ', 0.059813084112149535), ('AUX', 0.04439252336448598), ('CCONJ', 0.04299065420560748), ('SCONJ', 0.024766355140186914), ('PROPN', 0.020560747663551402), ('PART', 0.017757009345794394), ('X', 0.008411214953271028), ('NUM', 0.0065420560747663555), ('INTJ', 0.002336448598130841)]
test.lsdc.dbmdz-cased.orig.60.upos	83	60	1.3989006674519042	0.0008419870895312938	[('PUNCT', 0.14526524541398117), ('NOUN', 0.1279127416955875), ('PRON', 0.11799702528507684), ('VERB', 0.11750123946455131), ('DET', 0.10213187902825979), ('ADV', 0.0917203767972236), ('ADP', 0.07089737233515121), ('ADJ', 0.06048587010411502), ('AUX', 0.0436291522062469), ('CCONJ', 0.04115022310361924), ('SCONJ', 0.02478929102627665), ('PROPN', 0.02181457610312345), ('PART', 0.017352503718393655), ('X', 0.00842835894893406), ('NUM', 0.006445215666831929), ('INTJ', 0.002478929102627665)]
dev.hdt.bert-base-uncased.orig.60.upos	18434	60	2.018356277397429	0.0	[('NOUN', 0.2110055254430051), ('DET', 0.13450065575602588), ('ADP', 0.11265855654786362), ('PUNCT', 0.1116757442584369), ('ADJ', 0.07832257937277512), ('VERB', 0.07464114203445431), ('PROPN', 0.05514267213184805), ('ADV', 0.054320922725972866), ('AUX', 0.04312540882032942), ('PRON', 0.03670590246163252), ('CCONJ', 0.027144026374868933), ('X', 0.021986727103596303), ('NUM', 0.020307071317987438), ('PART', 0.009844557882384652), ('SCONJ', 0.008588924790207376), ('INTJ', 2.9582978611506466e-05)]
test.noah.dbmdz-cased.orig.60.upos	7320	60	1.685228723638445	0.0011965535078873255	[('NOUN', 0.1630619031298919), ('PUNCT', 0.12738169119758427), ('ADP', 0.1015385470410063), ('DET', 0.09964894080160061), ('VERB', 0.08263322187126594), ('ADV', 0.07477838809177559), ('ADJ', 0.068174029029539), ('AUX', 0.0647745903537454), ('PRON', 0.05669744995785437), ('PROPN', 0.05566001908131791), ('CCONJ', 0.038236738020915345), ('X', 0.025787567502477793), ('NUM', 0.015524412045313499), ('PART', 0.013912689076408637), ('SCONJ', 0.008984892412860438), ('INTJ', 0.0032049203864430017)]
train.alpino.bertje.orig.60.upos	12289	60	1.2067581723924898	5.34207058655935e-05	[('NOUN', 0.16794136564852902), ('ADP', 0.12562496284004734), ('DET', 0.12159817524363416), ('PUNCT', 0.10710714498056872), ('VERB', 0.10521536557285784), ('PROPN', 0.07037419396684522), ('ADJ', 0.06690953510872326), ('PRON', 0.06494748960872597), ('ADV', 0.06183416121203604), ('AUX', 0.04789444951921778), ('CCONJ', 0.020879839577106225), ('NUM', 0.016917912988957413), ('SCONJ', 0.016399024922842426), ('SYM', 0.004778094275475512), ('X', 0.0011080422245163802), ('INTJ', 0.00047024230991670764)]
dev.hdt.bertje.orig.60.upos	18434	60	2.274706939861104	0.0035104623687636513	[('NOUN', 0.2109404875926647), ('DET', 0.1368718709763431), ('ADP', 0.11399732662533812), ('PUNCT', 0.10659818336824158), ('ADJ', 0.07864703385222062), ('VERB', 0.07295295632435543), ('PROPN', 0.05619349338497648), ('ADV', 0.05547427841688506), ('AUX', 0.04320201520525693), ('PRON', 0.037479870751807684), ('CCONJ', 0.026954773657786993), ('X', 0.022088670434651427), ('NUM', 0.02041167163100413), ('PART', 0.009416453533450513), ('SCONJ', 0.008742847319433188), ('INTJ', 2.806692558405518e-05)]
dev.hdt.europeana-deu.orig.60.upos	18434	60	1.5256489188789835	4.439027933592142e-05	[('NOUN', 0.21096992429585157), ('DET', 0.1322419786680314), ('PUNCT', 0.11620243526452764), ('ADP', 0.11131879996754646), ('ADJ', 0.0781163210155465), ('VERB', 0.07669959869936153), ('PROPN', 0.05386041228491721), ('ADV', 0.053348644752198415), ('AUX', 0.0436531464341661), ('PRON', 0.03602032091568942), ('CCONJ', 0.027385804067927778), ('X', 0.021400620362106736), ('NUM', 0.020021344450754857), ('PART', 0.010247832789320285), ('SCONJ', 0.00848473122842931), ('INTJ', 2.8084803624811987e-05)]
test.noah.bert-base-uncased.orig.60.upos	7320	60	1.840117994100295	0.00044503356892995746	[('NOUN', 0.16222300320095745), ('PUNCT', 0.12618611145410852), ('ADP', 0.10125283764401934), ('DET', 0.10030299864173023), ('VERB', 0.08199010267759614), ('ADV', 0.07578765399264825), ('ADJ', 0.06779000959337392), ('AUX', 0.0651399587769873), ('PRON', 0.05749375480855995), ('PROPN', 0.05587902850466846), ('CCONJ', 0.038145534331930735), ('X', 0.025968598322584323), ('NUM', 0.015548864467472763), ('PART', 0.013953134943627056), ('SCONJ', 0.009070962471861019), ('INTJ', 0.0032674461678745452)]
train.hdt.bert-base-uncased.orig.60.upos	153035	60	2.0157766743156387	3.544655032399919e-07	[('NOUN', 0.21158314055615815), ('DET', 0.13706946697511016), ('ADP', 0.11350809664135766), ('PUNCT', 0.10786396490655506), ('ADJ', 0.07798423866614193), ('VERB', 0.0738932030447595), ('ADV', 0.05764693460294301), ('PROPN', 0.0572503095633477), ('AUX', 0.04409180353046199), ('PRON', 0.03752157344570403), ('CCONJ', 0.02759174113784928), ('NUM', 0.02085449082828593), ('X', 0.014604862784246345), ('PART', 0.009753213219554805), ('SCONJ', 0.008758770961518156), ('INTJ', 2.4189136006296853e-05)]
train.alpino.dbmdz-cased.orig.60.upos	12289	60	1.8521958688119478	0.00017402552954518427	[('NOUN', 0.1667402738186052), ('ADP', 0.12559865557014951), ('DET', 0.12323557921181079), ('VERB', 0.10460054258986286), ('PUNCT', 0.10320678638822132), ('PROPN', 0.07140849675077), ('PRON', 0.06697486076777039), ('ADJ', 0.06682573458981697), ('ADV', 0.06285668400736454), ('AUX', 0.04801289367877074), ('CCONJ', 0.020562205690884374), ('NUM', 0.016994648664460363), ('SCONJ', 0.016690660686324556), ('SYM', 0.004731888338906446), ('X', 0.0010610901123608394), ('INTJ', 0.0004989991339210434)]
train.hdt.bertje.orig.60.upos	153035	60	2.2494615173831014	0.0031821368344250155	[('NOUN', 0.21157590362632264), ('DET', 0.13938591693313807), ('ADP', 0.11458920182495813), ('PUNCT', 0.10319695933317385), ('ADJ', 0.07817990010245797), ('VERB', 0.07212187286759617), ('ADV', 0.0588359839596044), ('PROPN', 0.05812243008792838), ('AUX', 0.04431009516650342), ('PRON', 0.038445330653642425), ('CCONJ', 0.02744658911811881), ('NUM', 0.02096059368995161), ('X', 0.014495524798561567), ('PART', 0.00937837107017078), ('SCONJ', 0.00892988666433876), ('INTJ', 2.5440103533014895e-05)]
train.alpino.bert-base-cased.orig.60.upos	12289	60	2.025866931693035	0.0	[('NOUN', 0.16626474690876422), ('ADP', 0.1253457692034896), ('DET', 0.12382674894200535), ('VERB', 0.10417405489751046), ('PUNCT', 0.10181573161217107), ('PROPN', 0.07193772607986382), ('PRON', 0.06794217083953945), ('ADJ', 0.0666891268884318), ('ADV', 0.06332600420833628), ('AUX', 0.04803532165401801), ('CCONJ', 0.02052154999172518), ('NUM', 0.017081589710854196), ('SCONJ', 0.016721044045676998), ('SYM', 0.004787573586779204), ('X', 0.0010166205641062014), ('INTJ', 0.0005142208667281368)]
test.noah.gbert-large.orig.60.upos	7320	60	1.685228723638445	0.0011965535078873255	[('NOUN', 0.1630619031298919), ('PUNCT', 0.12738169119758427), ('ADP', 0.1015385470410063), ('DET', 0.09964894080160061), ('VERB', 0.08263322187126594), ('ADV', 0.07477838809177559), ('ADJ', 0.068174029029539), ('AUX', 0.0647745903537454), ('PRON', 0.05669744995785437), ('PROPN', 0.05566001908131791), ('CCONJ', 0.038236738020915345), ('X', 0.025787567502477793), ('NUM', 0.015524412045313499), ('PART', 0.013912689076408637), ('SCONJ', 0.008984892412860438), ('INTJ', 0.0032049203864430017)]
test.uzh.xlm-roberta.orig.60.upos	100	60	1.8912742382271468	0.0	[('NOUN', 0.12880886426592797), ('PUNCT', 0.12326869806094183), ('AUX', 0.10526315789473684), ('ADV', 0.0997229916897507), ('ADP', 0.09556786703601108), ('DET', 0.09349030470914127), ('VERB', 0.0886426592797784), ('PRON', 0.0817174515235457), ('ADJ', 0.05886426592797784), ('PROPN', 0.039473684210526314), ('CCONJ', 0.03254847645429363), ('PART', 0.023545706371191136), ('SCONJ', 0.018005540166204988), ('NUM', 0.009002770083102494), ('X', 0.002077562326869806)]
test.uzh.bertje.orig.60.upos	100	60	2.406509695290859	0.002302158273381295	[('NOUN', 0.12961672473867597), ('PUNCT', 0.12195121951219512), ('AUX', 0.10452961672473868), ('ADV', 0.10034843205574913), ('ADP', 0.09616724738675958), ('DET', 0.09407665505226481), ('VERB', 0.08780487804878048), ('PRON', 0.08222996515679443), ('ADJ', 0.05853658536585366), ('PROPN', 0.0397212543554007), ('CCONJ', 0.032752613240418116), ('PART', 0.023693379790940768), ('SCONJ', 0.017421602787456445), ('NUM', 0.009059233449477353), ('X', 0.0020905923344947735)]
test.uzh.mbert-cased.orig.60.upos	100	60	1.8331024930747923	0.0007555723460521345	[('NOUN', 0.12880886426592797), ('PUNCT', 0.12326869806094183), ('AUX', 0.10526315789473684), ('ADV', 0.0997229916897507), ('ADP', 0.09556786703601108), ('DET', 0.09349030470914127), ('VERB', 0.0886426592797784), ('PRON', 0.0817174515235457), ('ADJ', 0.05886426592797784), ('PROPN', 0.039473684210526314), ('CCONJ', 0.03254847645429363), ('PART', 0.023545706371191136), ('SCONJ', 0.018005540166204988), ('NUM', 0.009002770083102494), ('X', 0.002077562326869806)]
test.noah.bertje.orig.60.upos	7320	60	2.1076828248139834	0.003739153321997502	[('NOUN', 0.16007290229682514), ('PUNCT', 0.12442730412542417), ('DET', 0.10121738780195548), ('ADP', 0.10072398827924399), ('VERB', 0.08070606478637815), ('ADV', 0.07783629205223994), ('ADJ', 0.0671728207348632), ('AUX', 0.06608532790929504), ('PRON', 0.05898641640905841), ('PROPN', 0.0565697656855736), ('CCONJ', 0.0378810000906244), ('X', 0.02614010532569403), ('NUM', 0.015839131616840026), ('PART', 0.013835325391950539), ('SCONJ', 0.009092648347111598), ('INTJ', 0.0034135191469222945)]
test.uzh.dbmdz-cased.orig.60.upos	100	60	1.7763157894736843	0.0015594541910331384	[('NOUN', 0.12880886426592797), ('PUNCT', 0.12326869806094183), ('AUX', 0.10526315789473684), ('ADV', 0.0997229916897507), ('ADP', 0.09556786703601108), ('DET', 0.09349030470914127), ('VERB', 0.0886426592797784), ('PRON', 0.0817174515235457), ('ADJ', 0.05886426592797784), ('PROPN', 0.039473684210526314), ('CCONJ', 0.03254847645429363), ('PART', 0.023545706371191136), ('SCONJ', 0.018005540166204988), ('NUM', 0.009002770083102494), ('X', 0.002077562326869806)]
test.lsdc.gbert-large.orig.60.upos	83	60	1.3989006674519042	0.0008419870895312938	[('PUNCT', 0.14526524541398117), ('NOUN', 0.1279127416955875), ('PRON', 0.11799702528507684), ('VERB', 0.11750123946455131), ('DET', 0.10213187902825979), ('ADV', 0.0917203767972236), ('ADP', 0.07089737233515121), ('ADJ', 0.06048587010411502), ('AUX', 0.0436291522062469), ('CCONJ', 0.04115022310361924), ('SCONJ', 0.02478929102627665), ('PROPN', 0.02181457610312345), ('PART', 0.017352503718393655), ('X', 0.00842835894893406), ('NUM', 0.006445215666831929), ('INTJ', 0.002478929102627665)]
train.alpino.bert-base-uncased.orig.60.upos	12289	60	1.8899836149238496	0.0	[('NOUN', 0.16677456273192837), ('ADP', 0.12551009791567921), ('DET', 0.12331364230142307), ('VERB', 0.10440100343340693), ('PUNCT', 0.10282302347895449), ('PROPN', 0.07165069419557703), ('PRON', 0.06726356311341804), ('ADJ', 0.06667398818538085), ('ADV', 0.06300359525103176), ('AUX', 0.04796365443973041), ('CCONJ', 0.020594661456828086), ('NUM', 0.01701675086413188), ('SCONJ', 0.01671040310740668), ('SYM', 0.004751280302417257), ('X', 0.0010462064899483254), ('INTJ', 0.000502872732737593)]
train.hdt.xlm-roberta.orig.60.upos	153035	60	1.5497545791118403	0.0	[('NOUN', 0.2116235743568062), ('DET', 0.13457701899793972), ('PUNCT', 0.112519480557153), ('ADP', 0.11220474582269412), ('ADJ', 0.07773222745893764), ('VERB', 0.07572815041129448), ('ADV', 0.05663521011444306), ('PROPN', 0.05634767020151), ('AUX', 0.04443996434940197), ('PRON', 0.036682188262134874), ('CCONJ', 0.027684328313290145), ('NUM', 0.020664075785803433), ('X', 0.014406003456280517), ('PART', 0.01013750426958698), ('SCONJ', 0.008595013992642168), ('INTJ', 2.2843650081693244e-05)]
test.lsdc.europeana-deu.orig.60.upos	83	60	1.3305850019630938	0.02419592800236058	[('PUNCT', 0.14438254410399257), ('NOUN', 0.12674094707520892), ('PRON', 0.11931290622098421), ('VERB', 0.11838440111420613), ('DET', 0.10027855153203342), ('ADV', 0.0905292479108635), ('ADP', 0.07195914577530177), ('ADJ', 0.060352831940575676), ('AUX', 0.0436397400185701), ('CCONJ', 0.04317548746518106), ('SCONJ', 0.0255338904363974), ('PROPN', 0.02042711234911792), ('PART', 0.018105849582172703), ('X', 0.008356545961002786), ('NUM', 0.0064995357474466105), ('INTJ', 0.002321262766945218)]
test.lsdc.gbert-base.orig.60.upos	83	60	1.3989006674519042	0.0008419870895312938	[('PUNCT', 0.14526524541398117), ('NOUN', 0.1279127416955875), ('PRON', 0.11799702528507684), ('VERB', 0.11750123946455131), ('DET', 0.10213187902825979), ('ADV', 0.0917203767972236), ('ADP', 0.07089737233515121), ('ADJ', 0.06048587010411502), ('AUX', 0.0436291522062469), ('CCONJ', 0.04115022310361924), ('SCONJ', 0.02478929102627665), ('PROPN', 0.02181457610312345), ('PART', 0.017352503718393655), ('X', 0.00842835894893406), ('NUM', 0.006445215666831929), ('INTJ', 0.002478929102627665)]
dev.alpino.bert-base-uncased.orig.60.upos	718	60	1.9314226339942853	0.0	[('NOUN', 0.15771662659186036), ('ADP', 0.13313741205806395), ('PUNCT', 0.11684032416065544), ('DET', 0.11452489090747173), ('VERB', 0.09965268501202244), ('PROPN', 0.09715914150859382), ('ADJ', 0.06607890284085849), ('PRON', 0.05655000445275626), ('ADV', 0.05459079170006234), ('AUX', 0.03588921542434767), ('NUM', 0.025024490159408674), ('CCONJ', 0.02128417490426574), ('SCONJ', 0.014159764894469677), ('SYM', 0.005877638258081752), ('INTJ', 0.0008014961261020571), ('X', 0.0007124410009796063)]
dev.hdt.bert-base-cased.orig.60.upos	18434	60	2.199939664089051	0.0	[('NOUN', 0.21106598012869168), ('DET', 0.13619641550591147), ('ADP', 0.11359673415799947), ('PUNCT', 0.10836906202774872), ('ADJ', 0.07847320518869537), ('VERB', 0.07351563515019728), ('PROPN', 0.055760696384734784), ('ADV', 0.05497774222003406), ('AUX', 0.0429701656854097), ('PRON', 0.037205708385473296), ('CCONJ', 0.026955504954151024), ('X', 0.02220307574483216), ('NUM', 0.02045595968298904), ('PART', 0.009539048556834268), ('SCONJ', 0.008687714115740456), ('INTJ', 2.7352110557230873e-05)]
dev.hdt.dbmdz-uncased.orig.60.upos	18434	60	1.3683722848840072	4.049375383847041e-05	[('NOUN', 0.21076381791264812), ('DET', 0.1318516591406042), ('PUNCT', 0.11708447153413983), ('ADP', 0.11105742726354846), ('ADJ', 0.07796752953127807), ('VERB', 0.07697954025978852), ('PROPN', 0.05384076957860245), ('ADV', 0.053131523361765125), ('AUX', 0.04359231660255576), ('PRON', 0.03592068830951629), ('CCONJ', 0.027425219432726914), ('X', 0.021577809575133642), ('NUM', 0.020010654178977818), ('PART', 0.01031968731223558), ('SCONJ', 0.008449011701014005), ('INTJ', 2.787430546522216e-05)]
test.lsdc.xlm-roberta.orig.60.upos	83	60	1.3655280722418532	0.0	[('PUNCT', 0.1441527446300716), ('NOUN', 0.1269689737470167), ('VERB', 0.11885441527446301), ('PRON', 0.11837708830548926), ('DET', 0.10119331742243437), ('ADV', 0.09116945107398568), ('ADP', 0.07159904534606205), ('ADJ', 0.059665871121718374), ('AUX', 0.04343675417661098), ('CCONJ', 0.04343675417661098), ('SCONJ', 0.024821002386634844), ('PROPN', 0.02100238663484487), ('PART', 0.01766109785202864), ('X', 0.008591885441527447), ('NUM', 0.006682577565632458), ('INTJ', 0.002386634844868735)]
train.hdt.gbert-base.orig.60.upos	153035	60	1.3335266118841658	7.260290524142073e-05	[('NOUN', 0.21148645976755306), ('DET', 0.13417070794583189), ('PUNCT', 0.11356180191321166), ('ADP', 0.11194517041675804), ('ADJ', 0.0776799163104709), ('VERB', 0.07599570048639147), ('ADV', 0.05641817443227368), ('PROPN', 0.05626251478407167), ('AUX', 0.04446293826459264), ('PRON', 0.036560964298938424), ('CCONJ', 0.027714607202044786), ('NUM', 0.02057295692218096), ('X', 0.014355558271710566), ('PART', 0.010215658713525134), ('SCONJ', 0.008574222330868422), ('INTJ', 2.2647939576735173e-05)]
dev.alpino.bert-base-cased.orig.60.upos	718	60	2.085375357173781	0.0	[('NOUN', 0.15745333213094057), ('ADP', 0.1327441608801515), ('PUNCT', 0.11570024348453423), ('DET', 0.11497880782757688), ('VERB', 0.09955812066011363), ('PROPN', 0.09802506988907926), ('ADJ', 0.06610154206871674), ('PRON', 0.05681305798539093), ('ADV', 0.054919289385877895), ('AUX', 0.03580124447650825), ('NUM', 0.025069889079267743), ('CCONJ', 0.021192172423122012), ('SCONJ', 0.014338533682027234), ('SYM', 0.005771485255658761), ('INTJ', 0.0008116151140770133), ('X', 0.0007214356569573452)]
test.noah.dbmdz-uncased.orig.60.upos	7320	60	1.572870162462026	0.0011476685533218006	[('NOUN', 0.16335419640569526), ('PUNCT', 0.12785037150909556), ('ADP', 0.10155191976867611), ('DET', 0.09961202005783097), ('VERB', 0.08274770323194612), ('ADV', 0.07435672193550749), ('ADJ', 0.06811610116760002), ('AUX', 0.06482193184729695), ('PRON', 0.056385198199187435), ('PROPN', 0.05561655869111672), ('CCONJ', 0.038248965996852236), ('X', 0.025813476812708173), ('NUM', 0.015482595805424399), ('PART', 0.013862962556275393), ('SCONJ', 0.009004062808828374), ('INTJ', 0.003175213205958786)]
test.uzh.dbmdz-uncased.orig.60.upos	100	60	1.5706371191135735	0.0	[('NOUN', 0.12880886426592797), ('PUNCT', 0.12326869806094183), ('AUX', 0.10526315789473684), ('ADV', 0.0997229916897507), ('ADP', 0.09556786703601108), ('DET', 0.09349030470914127), ('VERB', 0.0886426592797784), ('PRON', 0.0817174515235457), ('ADJ', 0.05886426592797784), ('PROPN', 0.039473684210526314), ('CCONJ', 0.03254847645429363), ('PART', 0.023545706371191136), ('SCONJ', 0.018005540166204988), ('NUM', 0.009002770083102494), ('X', 0.002077562326869806)]
train.hdt.bert-base-cased.orig.60.upos	153035	60	2.187420174350829	3.266511398491525e-07	[('NOUN', 0.2116594497427233), ('DET', 0.13887420787541574), ('ADP', 0.11427998730920295), ('PUNCT', 0.1046858727663577), ('ADJ', 0.07807720821669095), ('VERB', 0.07263800941727556), ('ADV', 0.0583596624696083), ('PROPN', 0.05772072164705101), ('AUX', 0.044082915874658776), ('PRON', 0.03811440041385121), ('CCONJ', 0.027451250255556326), ('NUM', 0.020968621484175113), ('X', 0.014674434245307667), ('PART', 0.00952209867054699), ('SCONJ', 0.008866354144453437), ('INTJ', 2.480546712495434e-05)]
test.noah.europeana-deu.orig.60.upos	7320	60	1.6610135164883546	0.0023484756113723473	[('NOUN', 0.1630127462340672), ('PUNCT', 0.12737891077636154), ('ADP', 0.10146002317497103), ('DET', 0.09972653534183082), ('VERB', 0.08266048667439166), ('ADV', 0.07496639629200463), ('ADJ', 0.0681529548088065), ('AUX', 0.06491772885283893), ('PRON', 0.05681575898030127), ('PROPN', 0.055369640787949016), ('CCONJ', 0.038136732329084586), ('X', 0.025705677867902666), ('NUM', 0.015508690614136733), ('PART', 0.01393279258400927), ('SCONJ', 0.009038238702201622), ('INTJ', 0.003216685979142526)]
train.alpino.gbert-base.orig.60.upos	12289	60	1.8521958688119478	0.00017402552954518427	[('NOUN', 0.1667402738186052), ('ADP', 0.12559865557014951), ('DET', 0.12323557921181079), ('VERB', 0.10460054258986286), ('PUNCT', 0.10320678638822132), ('PROPN', 0.07140849675077), ('PRON', 0.06697486076777039), ('ADJ', 0.06682573458981697), ('ADV', 0.06285668400736454), ('AUX', 0.04801289367877074), ('CCONJ', 0.020562205690884374), ('NUM', 0.016994648664460363), ('SCONJ', 0.016690660686324556), ('SYM', 0.004731888338906446), ('X', 0.0010610901123608394), ('INTJ', 0.0004989991339210434)]
train.alpino.mbert-cased.orig.60.upos	12289	60	1.4289612936151925	0.00012782243208493425	[('NOUN', 0.16768631052939473), ('ADP', 0.12564308637722996), ('DET', 0.12204016248694692), ('PUNCT', 0.10627258661505574), ('VERB', 0.10502605149064825), ('PROPN', 0.07057138327127994), ('ADJ', 0.06687004871328052), ('PRON', 0.06539388869753482), ('ADV', 0.06205886051381303), ('AUX', 0.04795879873378274), ('CCONJ', 0.020786519925426582), ('NUM', 0.016915700328582285), ('SCONJ', 0.01646191780522342), ('SYM', 0.004756515606291722), ('X', 0.001082517344880185), ('INTJ', 0.0004756515606291722)]
dev.hdt.dbmdz-cased.orig.60.upos	18434	60	1.353907058070236	4.320008003383249e-05	[('NOUN', 0.21077012159814706), ('DET', 0.13183505754778618), ('PUNCT', 0.11707730942037288), ('ADP', 0.11107016897404853), ('ADJ', 0.07794729198727973), ('VERB', 0.07702454567129795), ('PROPN', 0.05379487163607876), ('ADV', 0.05315080709338007), ('AUX', 0.04361679398295087), ('PRON', 0.03590969471959969), ('CCONJ', 0.027422286491055863), ('X', 0.021557583395520656), ('NUM', 0.02000315839343054), ('PART', 0.010342190252950157), ('SCONJ', 0.008450250658772748), ('INTJ', 2.7868177328308804e-05)]
dev.alpino.gbert-base.orig.60.upos	718	60	1.9233699887436142	0.0005852428757934543	[('NOUN', 0.15793226381461675), ('ADP', 0.13288770053475935), ('PUNCT', 0.11639928698752228), ('DET', 0.11452762923351159), ('VERB', 0.09973262032085561), ('PROPN', 0.09750445632798574), ('ADJ', 0.0661319073083779), ('PRON', 0.05650623885918003), ('ADV', 0.05472370766488414), ('AUX', 0.03591800356506239), ('NUM', 0.024955436720142603), ('CCONJ', 0.021301247771836007), ('SCONJ', 0.014171122994652407), ('SYM', 0.005793226381461676), ('INTJ', 0.0008021390374331551), ('X', 0.00071301247771836)]
test.lsdc.bert-base-uncased.orig.60.upos	83	60	1.3678837848449157	0.0	[('PUNCT', 0.14436450839328538), ('NOUN', 0.12709832134292565), ('PRON', 0.12038369304556355), ('VERB', 0.1170263788968825), ('DET', 0.10167865707434053), ('ADV', 0.09064748201438849), ('ADP', 0.07194244604316546), ('ADJ', 0.060431654676258995), ('AUX', 0.04268585131894485), ('CCONJ', 0.04220623501199041), ('SCONJ', 0.024940047961630695), ('PROPN', 0.021103117505995205), ('PART', 0.017745803357314148), ('X', 0.008633093525179856), ('NUM', 0.00671462829736211), ('INTJ', 0.002398081534772182)]
train.hdt.mbert-cased.orig.60.upos	153035	60	1.5307093179910891	1.1669807011733525e-06	[('NOUN', 0.21152558317521566), ('DET', 0.1345441354888554), ('PUNCT', 0.1127749906868806), ('ADP', 0.11214916355866976), ('ADJ', 0.07770547930313225), ('VERB', 0.07568884469485583), ('ADV', 0.05660600938994357), ('PROPN', 0.056404889496395785), ('AUX', 0.04440727249535069), ('PRON', 0.0366813695576232), ('CCONJ', 0.02769402815243656), ('NUM', 0.020632726808883194), ('X', 0.01442989938932028), ('PART', 0.010136080256621736), ('SCONJ', 0.008596697720061401), ('INTJ', 2.282982575407277e-05)]
dev.hdt.gbert-large.orig.60.upos	18434	60	1.353907058070236	4.320008003383249e-05	[('NOUN', 0.21077012159814706), ('DET', 0.13183505754778618), ('PUNCT', 0.11707730942037288), ('ADP', 0.11107016897404853), ('ADJ', 0.07794729198727973), ('VERB', 0.07702454567129795), ('PROPN', 0.05379487163607876), ('ADV', 0.05315080709338007), ('AUX', 0.04361679398295087), ('PRON', 0.03590969471959969), ('CCONJ', 0.027422286491055863), ('X', 0.021557583395520656), ('NUM', 0.02000315839343054), ('PART', 0.010342190252950157), ('SCONJ', 0.008450250658772748), ('INTJ', 2.7868177328308804e-05)]
dev.alpino.dbmdz-cased.orig.60.upos	718	60	1.9233699887436142	0.0005852428757934543	[('NOUN', 0.15793226381461675), ('ADP', 0.13288770053475935), ('PUNCT', 0.11639928698752228), ('DET', 0.11452762923351159), ('VERB', 0.09973262032085561), ('PROPN', 0.09750445632798574), ('ADJ', 0.0661319073083779), ('PRON', 0.05650623885918003), ('ADV', 0.05472370766488414), ('AUX', 0.03591800356506239), ('NUM', 0.024955436720142603), ('CCONJ', 0.021301247771836007), ('SCONJ', 0.014171122994652407), ('SYM', 0.005793226381461676), ('INTJ', 0.0008021390374331551), ('X', 0.00071301247771836)]
dev.hdt.gbert-base.orig.60.upos	18434	60	1.353907058070236	4.320008003383249e-05	[('NOUN', 0.21077012159814706), ('DET', 0.13183505754778618), ('PUNCT', 0.11707730942037288), ('ADP', 0.11107016897404853), ('ADJ', 0.07794729198727973), ('VERB', 0.07702454567129795), ('PROPN', 0.05379487163607876), ('ADV', 0.05315080709338007), ('AUX', 0.04361679398295087), ('PRON', 0.03590969471959969), ('CCONJ', 0.027422286491055863), ('X', 0.021557583395520656), ('NUM', 0.02000315839343054), ('PART', 0.010342190252950157), ('SCONJ', 0.008450250658772748), ('INTJ', 2.7868177328308804e-05)]
test.uzh.bert-base-uncased.orig.60.upos	100	60	1.8912742382271468	0.0	[('NOUN', 0.12880886426592797), ('PUNCT', 0.12326869806094183), ('AUX', 0.10526315789473684), ('ADV', 0.0997229916897507), ('ADP', 0.09556786703601108), ('DET', 0.09349030470914127), ('VERB', 0.0886426592797784), ('PRON', 0.0817174515235457), ('ADJ', 0.05886426592797784), ('PROPN', 0.039473684210526314), ('CCONJ', 0.03254847645429363), ('PART', 0.023545706371191136), ('SCONJ', 0.018005540166204988), ('NUM', 0.009002770083102494), ('X', 0.002077562326869806)]
dev.hdt.xlm-roberta.orig.60.upos	18434	60	1.5642392749839926	0.0	[('NOUN', 0.21097878849365528), ('DET', 0.13223555853845073), ('PUNCT', 0.1160779784295057), ('ADP', 0.11132685073904697), ('ADJ', 0.07804710546442117), ('VERB', 0.07670792426914733), ('PROPN', 0.0539668170253945), ('ADV', 0.053339368493343114), ('AUX', 0.043540557836082974), ('PRON', 0.0360142970859542), ('CCONJ', 0.027420437340991744), ('X', 0.021545521234918603), ('NUM', 0.02007210975666859), ('PART', 0.010229596216579), ('SCONJ', 0.008468994365449749), ('INTJ', 2.8094710390360393e-05)]
test.noah.mbert-cased.orig.60.upos	7320	60	1.7230925020913133	0.0076501280131641486	[('NOUN', 0.1629916567342074), ('PUNCT', 0.1269088945172825), ('ADP', 0.10159974672228844), ('DET', 0.0999236442193087), ('VERB', 0.08235250297973778), ('ADV', 0.0749404052443385), ('ADJ', 0.06802182657926102), ('AUX', 0.06481860846245531), ('PRON', 0.05683849821215733), ('PROPN', 0.05579558998808105), ('CCONJ', 0.03814064362336114), ('X', 0.025988900476758045), ('NUM', 0.01561568831942789), ('PART', 0.013837157330154946), ('SCONJ', 0.009013706793802145), ('INTJ', 0.003212529797377831)]
test.uzh.bert-base-cased.orig.60.upos	100	60	2.272853185595568	0.0006093845216331506	[('NOUN', 0.12907702984038863), ('PUNCT', 0.12213740458015267), ('AUX', 0.10478834142956281), ('ADV', 0.09993060374739764), ('ADP', 0.09576682859125607), ('DET', 0.0936849410131853), ('VERB', 0.08882720333102012), ('PRON', 0.08188757807078417), ('ADJ', 0.05898681471200555), ('PROPN', 0.0395558639833449), ('CCONJ', 0.03261623872310895), ('PART', 0.02359472588480222), ('SCONJ', 0.018043025676613464), ('NUM', 0.009021512838306732), ('X', 0.002081887578070784)]
test.noah.gbert-base.orig.60.upos	7320	60	1.685228723638445	0.0011965535078873255	[('NOUN', 0.1630619031298919), ('PUNCT', 0.12738169119758427), ('ADP', 0.1015385470410063), ('DET', 0.09964894080160061), ('VERB', 0.08263322187126594), ('ADV', 0.07477838809177559), ('ADJ', 0.068174029029539), ('AUX', 0.0647745903537454), ('PRON', 0.05669744995785437), ('PROPN', 0.05566001908131791), ('CCONJ', 0.038236738020915345), ('X', 0.025787567502477793), ('NUM', 0.015524412045313499), ('PART', 0.013912689076408637), ('SCONJ', 0.008984892412860438), ('INTJ', 0.0032049203864430017)]
dev.alpino.dbmdz-uncased.orig.60.upos	718	60	1.7918434496493203	0.0	[('NOUN', 0.15799240081293628), ('ADP', 0.13272068569408854), ('PUNCT', 0.11752231156666962), ('DET', 0.11434125651674472), ('VERB', 0.09949633295042856), ('PROPN', 0.09755235486436335), ('ADJ', 0.06609525492621719), ('PRON', 0.056198639215339755), ('ADV', 0.05451974905010162), ('AUX', 0.03569850667137934), ('NUM', 0.024918264557744985), ('CCONJ', 0.02147212158699302), ('SCONJ', 0.014226385084386322), ('SYM', 0.005743571617919944), ('INTJ', 0.000795263762481223), ('X', 0.0007069011222055315)]
train.hdt.europeana-deu.orig.60.upos	153035	60	1.4916541893036577	8.430647030603967e-05	[('NOUN', 0.2115893828691284), ('DET', 0.13455485285852517), ('PUNCT', 0.11279904860680576), ('ADP', 0.11213815770414105), ('ADJ', 0.07776820944556143), ('VERB', 0.07580183267763299), ('ADV', 0.05661028512825267), ('PROPN', 0.0562658975948641), ('AUX', 0.04446075647926577), ('PRON', 0.03669447357595212), ('CCONJ', 0.027671230495570402), ('NUM', 0.02060132743106455), ('X', 0.014250980653459954), ('PART', 0.010164683148984003), ('SCONJ', 0.008606067014699662), ('INTJ', 2.2814316091987324e-05)]
train.alpino.dbmdz-uncased.orig.60.upos	12289	60	1.744962260603293	0.0	[('NOUN', 0.1672523871405164), ('ADP', 0.12565116673258375), ('DET', 0.12284874851686536), ('VERB', 0.10474038081247528), ('PUNCT', 0.10414712695632522), ('PROPN', 0.07112266229730493), ('ADJ', 0.066839934459574), ('PRON', 0.06651788236623538), ('ADV', 0.06252895643821685), ('AUX', 0.04791231143002429), ('CCONJ', 0.020633934120571785), ('NUM', 0.016882309735013278), ('SCONJ', 0.016633708119102773), ('SYM', 0.004723430702299565), ('X', 0.0010735069777953556), ('INTJ', 0.0004915531950957681)]
test.uzh.europeana-deu.orig.60.upos	100	60	1.7022160664819945	0.0008136696501220504	[('NOUN', 0.12880886426592797), ('PUNCT', 0.12326869806094183), ('AUX', 0.10526315789473684), ('ADV', 0.0997229916897507), ('ADP', 0.09556786703601108), ('DET', 0.09349030470914127), ('VERB', 0.0886426592797784), ('PRON', 0.0817174515235457), ('ADJ', 0.05886426592797784), ('PROPN', 0.039473684210526314), ('CCONJ', 0.03254847645429363), ('PART', 0.023545706371191136), ('SCONJ', 0.018005540166204988), ('NUM', 0.009002770083102494), ('X', 0.002077562326869806)]
test.noah.bert-base-cased.orig.60.upos	7320	60	2.045216395896623	0.0008008094202742557	[('NOUN', 0.16059814717359575), ('PUNCT', 0.12478279433229737), ('DET', 0.10106145306868167), ('ADP', 0.10079335921597442), ('VERB', 0.08090476710587721), ('ADV', 0.0773996882167787), ('ADJ', 0.06732134523537647), ('AUX', 0.06585179374646265), ('PRON', 0.05866290673312746), ('PROPN', 0.05631956787242704), ('CCONJ', 0.03795017426100426), ('X', 0.026293056369214883), ('NUM', 0.015738102094110872), ('PART', 0.01381179811539951), ('SCONJ', 0.00913504979595079), ('INTJ', 0.003375996663720944)]
test.noah.xlm-roberta.orig.60.upos	7320	60	1.7289217628670805	0.0	[('NOUN', 0.1630329367003618), ('PUNCT', 0.12663657726882763), ('ADP', 0.10143981498750419), ('DET', 0.09979857510537506), ('VERB', 0.0825189302100041), ('ADV', 0.07501212279458391), ('ADJ', 0.06802752806893207), ('AUX', 0.06494087806333694), ('PRON', 0.05685590659853034), ('PROPN', 0.05570890372636055), ('CCONJ', 0.0381495020328994), ('X', 0.02608265880860905), ('NUM', 0.01559177888022679), ('PART', 0.01393188854489164), ('SCONJ', 0.009045469804916259), ('INTJ', 0.0032265284046402326)]
test.uzh.gbert-base.orig.60.upos	100	60	1.7763157894736843	0.0015594541910331384	[('NOUN', 0.12880886426592797), ('PUNCT', 0.12326869806094183), ('AUX', 0.10526315789473684), ('ADV', 0.0997229916897507), ('ADP', 0.09556786703601108), ('DET', 0.09349030470914127), ('VERB', 0.0886426592797784), ('PRON', 0.0817174515235457), ('ADJ', 0.05886426592797784), ('PROPN', 0.039473684210526314), ('CCONJ', 0.03254847645429363), ('PART', 0.023545706371191136), ('SCONJ', 0.018005540166204988), ('NUM', 0.009002770083102494), ('X', 0.002077562326869806)]
test.lsdc.bertje.orig.60.upos	83	60	1.4507263447192775	0.019756427604871448	[('PUNCT', 0.14380757420675538), ('NOUN', 0.12640736949846468), ('PRON', 0.1187308085977482), ('VERB', 0.11719549641760492), ('DET', 0.1008188331627431), ('ADV', 0.09160696008188332), ('ADP', 0.07215967246673491), ('ADJ', 0.06192425793244626), ('AUX', 0.042988741044012284), ('CCONJ', 0.04196519959058342), ('SCONJ', 0.0255885363357216), ('PROPN', 0.022517911975435005), ('PART', 0.016888433981576252), ('X', 0.008700102354145343), ('NUM', 0.006141248720573183), ('INTJ', 0.00255885363357216)]
